value,used_as,decision,target,reason,section,revised
#fa9016,I1 hover: white text on navy banner / dark header (3 rules),FOLD,"--boss-color-bg-on-filled-subtle (hover ground, rgba(255,255,255,0.2)); text stays --boss-color-text-on-filled","Brand navy hover would vanish on navy, so these 3 are an exception to the brand rule. viewAllW2.component.scss:17 is confirmed a navy banner; _recipeMaintenanceView.scss:116 and ordering.scss:102 have white text and look like dark headers (verify the ground). No new variable.",I,2026-10
#fa9016,I1 hover: tab labels (5 rules),FOLD,--boss-color-bg-neutral-subtle-hover (hover ground); label colour unchanged,"Match the Figma Tab Hover (grey ground, label stays text-secondary). Active tabs already use brand (Q3). Rows: _tabBar.scss:38, _recipeMaintenanceView.scss:153, recipeDetailFlyout.scss:68, categoryIngredientOverview.scss:55, restaurantCategoryOverview.scss:258.",I,2026-10
#fa9016,I1 hover: sortable headers and sort controls (8 rules),FOLD,--boss-color-text-primary,"Table headers stay gray-only (BOSS Table decision 2026-10-07), so hover darkens to ink instead of turning brand. Rows: categoryOverviewContent.scss:46, categoryIngredientOverview.scss:205, categoryIngredientOverview.scss:310, allIngredientsOverview.scss:173, allIngredientsOverview.scss:268, restaurantCategoryOverview.scss:170, allCategoriesOverview.scss:245, manageUsers.scss:177.",I,2026-10
#fa9016,I1 hover: text already brand before hover (12 rules),FOLD,--boss-color-text-brand (unchanged) + underline on hover,"A brand hover would show no change, so add an underline (no new role). Designer choice 2026-10.",I,2026-10
#fa9016,I1 hover: icons already brand before hover (2 rules),KEEP,--boss-color-icon-brand (unchanged); no hover colour change,"Underline does not apply to an icon, so these keep their colour and only change the cursor. Rows: recipeCostingContent.scss:269, openOrders.scss:126.",I,2026-10
#fa9016,"I1 hover: all other text (inherited, link-accent, secondary, strong, #49a4da) (27 rules)",FOLD,--boss-color-text-brand,"Orange hover is an interaction state, not a warning, so it leaves the warning role (H1: orange = warnings only). Brand matches active and breadcrumb (H1, Q3). The 8 link-accent rows fold to text-link (#237db1) under decision B, so brand navy is a visible darkening. Includes the breadcrumb text rows covered by H1.",I,2026-10
#fa9016,I1 hover: all other icons (21 rules),FOLD,--boss-color-icon-brand,Same reason as the text rows. Includes the shared breadcrumb icon (components/breadcrumb/breadcrumb.scss:14).,I,2026-10
#fa9016,I1 hover: hand-built buttons #reviewOrderBtn (orderCartFlyout.scss:103; #saveForLaterBtn extends it),FOLD,"Filled (Review Order): bg --boss-color-bg-button-brand-hover, text stays --boss-color-text-button-on-fill. Outlined (Save for Later): bg --boss-color-bg-button-brand-subtle-hover, text stays --boss-color-text-button-brand-default","These are buttons, not links. A brand text hover would be navy on the navy Review Order fill and vanish, so they take the Button component hover (Brand Filled / Brand Outlined). Long term, replace both with orderly-button.",I,2026-10
#fa9016,I1 verify on screen (4 spots),FOLD,"as the group above, confirm visually","submittedOrderRow.scss:223 (status icon, may not need any hover) ; addToRestaurantsFlyout.scss:133 (icon in a warning popover) ; viewAllW2.component.scss:38 (parent colour is $brand-darker-blue, so brand hover may show no change) ; _recipeMaintenanceView.scss:116 and ordering.scss:102 (confirm the header ground is dark). Brand hover is applied to the other inherited-colour rows without a per-row screen check.",I,2026-10
#fa9016,"I2 loading spinner steam (5 rules, loadingSpinner.scss:127,142,156,178,185)",FOLD,--boss-color-icon-warning,Decorative illustration. icon-warning keeps today's orange (#fa9016) with no visible change and avoids the dark brown text role (Q1). The bowl loader is being replaced (BOPD-1166): remove this then.,I,2026-10
#ffc061,I3 trend up-arrow (budgetHistoryCard.scss:27 .arrow-up),FOLD,--boss-color-icon-warning,"A glyph, so under H2 it is an icon: bright orange, not dark brown. Trend direction is a real status signal.",I,2026-10
#ffc061,I3 margin caret (globalReportingDashboard.scss:149 .marginCaretDown),FOLD,--boss-color-icon-warning,"Same as the trend arrow: a glyph, bright orange under H2.",I,2026-10
